{
  "D1_h1s": {
    "q50": {
      "auc_pr": NaN,
      "recall": 0.0,
      "precision": 0.0
    },
    "q90": {
      "auc_pr": NaN,
      "recall": 0.0,
      "precision": 0.0,
      "coverage": 0.9328298887122417
    },
    "r2_q50": 0.936646042588734,
    "rmse_q50": 0.04787994857761044,
    "n_samples": 2516,
    "n_danger": 0
  },
  "D1_h2s": {
    "q50": {
      "auc_pr": NaN,
      "recall": 0.0,
      "precision": 0.0
    },
    "q90": {
      "auc_pr": NaN,
      "recall": 0.0,
      "precision": 0.0,
      "coverage": 0.9135434412265758
    },
    "r2_q50": 0.8898686032851345,
    "rmse_q50": 0.06312862641945366,
    "n_samples": 2348,
    "n_danger": 0
  },
  "D1_h4s": {
    "q50": {
      "auc_pr": NaN,
      "recall": 0.0,
      "precision": 0.0
    },
    "q90": {
      "auc_pr": NaN,
      "recall": 0.0,
      "precision": 0.0,
      "coverage": 0.8265407554671969
    },
    "r2_q50": 0.5650852914240454,
    "rmse_q50": 0.12379987945031007,
    "n_samples": 2012,
    "n_danger": 0
  },
  "D2_h1s": {
    "q50": {
      "auc_pr": 0.8574171918328889,
      "recall": 0.3780959752321981,
      "precision": 0.957843137254902
    },
    "q90": {
      "auc_pr": 0.8503493162063195,
      "recall": 0.885061919504644,
      "precision": 0.6388268156424581,
      "coverage": 0.7627737226277372
    },
    "r2_q50": 0.8395535013287809,
    "rmse_q50": 0.10498103238608589,
    "n_samples": 7672,
    "n_danger": 2584
  },
  "D2_h2s": {
    "q50": {
      "auc_pr": 0.8610861002153075,
      "recall": 0.3112927191679049,
      "precision": 0.9643268124280783
    },
    "q90": {
      "auc_pr": 0.8599695866238319,
      "recall": 0.9115898959881129,
      "precision": 0.6634225466342255,
      "coverage": 0.7083449623220764
    },
    "r2_q50": 0.7799449273072995,
    "rmse_q50": 0.11620320243839591,
    "n_samples": 7166,
    "n_danger": 2692
  },
  "D2_h4s": {
    "q50": {
      "auc_pr": 0.8816220001399808,
      "recall": 0.24158183241973374,
      "precision": 0.9935587761674718
    },
    "q90": {
      "auc_pr": 0.8761304705499051,
      "recall": 0.8633516053249805,
      "precision": 0.7315859323158593,
      "coverage": 0.6335716607084823
    },
    "r2_q50": 0.6481244614820905,
    "rmse_q50": 0.1399804102441434,
    "n_samples": 6154,
    "n_danger": 2554
  },
  "D3_h1s": {
    "q50": {
      "auc_pr": 0.9767748651183799,
      "recall": 0.803921568627451,
      "precision": 0.9873570138470801
    },
    "q90": {
      "auc_pr": 0.9735315512201368,
      "recall": 0.9661764705882353,
      "precision": 0.8097781429745275,
      "coverage": 0.8218667835232253
    },
    "r2_q50": 0.900141171073042,
    "rmse_q50": 0.08788712697040416,
    "n_samples": 4564,
    "n_danger": 2040
  },
  "D3_h2s": {
    "q50": {
      "auc_pr": 0.9697109958906456,
      "recall": 0.8286407766990291,
      "precision": 0.9493882091212458
    },
    "q90": {
      "auc_pr": 0.9692807665755567,
      "recall": 0.9606796116504854,
      "precision": 0.8259599332220368,
      "coverage": 0.7745190051618959
    },
    "r2_q50": 0.8581652386728813,
    "rmse_q50": 0.0998161118923,
    "n_samples": 4262,
    "n_danger": 2060
  },
  "D3_h4s": {
    "q50": {
      "auc_pr": 0.9661061069675573,
      "recall": 0.8221153846153846,
      "precision": 0.9529411764705882
    },
    "q90": {
      "auc_pr": 0.9609375993386776,
      "recall": 0.9353632478632479,
      "precision": 0.8508260447035957,
      "coverage": 0.7359212684527064
    },
    "r2_q50": 0.7463278514125495,
    "rmse_q50": 0.12862310279158426,
    "n_samples": 3658,
    "n_danger": 1872
  },
  "D4_h1s": {
    "q50": {
      "auc_pr": 0.9920459823679577,
      "recall": 0.9183884297520661,
      "precision": 0.9769230769230769
    },
    "q90": {
      "auc_pr": 0.9889486058221113,
      "recall": 0.984504132231405,
      "precision": 0.896519285042333,
      "coverage": 0.9244444444444444
    },
    "r2_q50": 0.9410014955754916,
    "rmse_q50": 0.07204177377546851,
    "n_samples": 1800,
    "n_danger": 968
  },
  "D4_h2s": {
    "q50": {
      "auc_pr": 0.9913317563892967,
      "recall": 0.9463157894736842,
      "precision": 0.9645922746781116
    },
    "q90": {
      "auc_pr": 0.9886736597702466,
      "recall": 0.9789473684210527,
      "precision": 0.908203125,
      "coverage": 0.8839285714285714
    },
    "r2_q50": 0.9271586099475544,
    "rmse_q50": 0.07705894669663714,
    "n_samples": 1680,
    "n_danger": 950
  },
  "D4_h4s": {
    "q50": {
      "auc_pr": 0.9831749917760286,
      "recall": 0.9061757719714965,
      "precision": 0.9757033248081841
    },
    "q90": {
      "auc_pr": 0.9800759928945864,
      "recall": 0.9418052256532067,
      "precision": 0.9157043879907621,
      "coverage": 0.8284722222222223
    },
    "r2_q50": 0.819946043412896,
    "rmse_q50": 0.11756665416607823,
    "n_samples": 1440,
    "n_danger": 842
  }
}