{
  "D2": {
    "h1s": {
      "MLP": {
        "rmse": 0.19891788165475585,
        "mae": 0.15303178131580353,
        "r2": -0.02871549129486084,
        "coverage_90": 0.34765317919075145,
        "precision": 0.3872549019607843,
        "recall": 0.021156936261381896
      },
      "LSTM": {
        "rmse": 0.15853557858722786,
        "mae": 0.1084764301776886,
        "r2": 0.34656691551208496,
        "coverage_90": 0.5165317919075144,
        "precision": 0.9783236994219653,
        "recall": 0.09065345474022496
      },
      "PatchTST": {
        "rmse": 0.14048557522311636,
        "mae": 0.10458870232105255,
        "r2": 0.4868892431259155,
        "coverage_90": 0.26020809248554916,
        "precision": 0.0,
        "recall": 0.0
      }
    },
    "h2s": {
      "MLP": {
        "rmse": 0.2153757185096512,
        "mae": 0.16468757390975952,
        "r2": -0.5110849142074585,
        "coverage_90": 0.39175672279467205,
        "precision": 0.4413793103448276,
        "recall": 0.018409319718107293
      },
      "LSTM": {
        "rmse": 0.14248984360263844,
        "mae": 0.10728811472654343,
        "r2": 0.3386014699935913,
        "coverage_90": 0.5863784870570495,
        "precision": 0.9230769230769231,
        "recall": 0.006903494894290234
      },
      "PatchTST": {
        "rmse": 0.15380952017368876,
        "mae": 0.12386082857847214,
        "r2": 0.22934174537658691,
        "coverage_90": 0.22211610957527017,
        "precision": 0.0,
        "recall": 0.0
      }
    },
    "h4s": {
      "MLP": {
        "rmse": 0.16166144267860025,
        "mae": 0.1331801414489746,
        "r2": 0.13236385583877563,
        "coverage_90": 0.32686340127776087,
        "precision": 0.09090909090909091,
        "recall": 0.0001773049645390071
      },
      "LSTM": {
        "rmse": 0.1509786973335962,
        "mae": 0.12416113168001175,
        "r2": 0.24324357509613037,
        "coverage_90": 0.3776087617888652,
        "precision": 0.0,
        "recall": 0.0
      },
      "PatchTST": {
        "rmse": 0.13983564566459192,
        "mae": 0.10935743898153305,
        "r2": 0.35082685947418213,
        "coverage_90": 0.3230909644052327,
        "precision": 0.0,
        "recall": 0.0
      }
    },
    "h6s": {
      "MLP": {
        "rmse": 0.15365764537493456,
        "mae": 0.12568408250808716,
        "r2": 0.23258733749389648,
        "coverage_90": 0.40123314065510596,
        "precision": 0.0,
        "recall": 0.0
      },
      "LSTM": {
        "rmse": 0.14498638968882457,
        "mae": 0.11595572531223297,
        "r2": 0.3167571425437927,
        "coverage_90": 0.4382273603082852,
        "precision": 0.0,
        "recall": 0.0
      },
      "PatchTST": {
        "rmse": 0.14120347859375398,
        "mae": 0.11099953949451447,
        "r2": 0.351945698261261,
        "coverage_90": 0.3109826589595376,
        "precision": 0.0,
        "recall": 0.0
      }
    },
    "h8s": {
      "MLP": {
        "rmse": 0.15082613938938375,
        "mae": 0.12470323592424393,
        "r2": 0.2925328016281128,
        "coverage_90": 0.38696794534944823,
        "precision": 0.8888888888888888,
        "recall": 0.0024220405691795337
      },
      "LSTM": {
        "rmse": 0.1373698737760422,
        "mae": 0.10357243567705154,
        "r2": 0.41313785314559937,
        "coverage_90": 0.503205465055176,
        "precision": 0.7142857142857143,
        "recall": 0.006055101422948834
      },
      "PatchTST": {
        "rmse": 0.13081119134223754,
        "mae": 0.09763918817043304,
        "r2": 0.46783924102783203,
        "coverage_90": 0.3833946400420389,
        "precision": 0.0,
        "recall": 0.0
      }
    }
  },
  "D3": {
    "h1s": {
      "MLP": {
        "rmse": 0.2959090378880037,
        "mae": 0.15631462633609772,
        "r2": -1.549119472503662,
        "coverage_90": 0.37784615384615383,
        "precision": 0.5645863570391872,
        "recall": 0.058277153558052436
      },
      "LSTM": {
        "rmse": 0.14347178472243674,
        "mae": 0.07822335511445999,
        "r2": 0.40075182914733887,
        "coverage_90": 0.7453846153846154,
        "precision": 0.8948335715744333,
        "recall": 0.6564794007490636
      },
      "PatchTST": {
        "rmse": 0.12752169422167975,
        "mae": 0.09450418502092361,
        "r2": 0.5265851616859436,
        "coverage_90": 0.43776923076923074,
        "precision": 1.0,
        "recall": 0.03205992509363296
      }
    },
    "h2s": {
      "MLP": {
        "rmse": 0.26212416037232666,
        "mae": 0.13688114285469055,
        "r2": -1.7326464653015137,
        "coverage_90": 0.4946488294314381,
        "precision": 0.7485928705440901,
        "recall": 0.12753715838261148
      },
      "LSTM": {
        "rmse": 0.12293643763785685,
        "mae": 0.07929080724716187,
        "r2": 0.398922324180603,
        "coverage_90": 0.5953177257525084,
        "precision": 0.9350457632122823,
        "recall": 0.5061531085184593
      },
      "PatchTST": {
        "rmse": 0.130689076023733,
        "mae": 0.09786351770162582,
        "r2": 0.3207213878631592,
        "coverage_90": 0.5412207357859532,
        "precision": 0.9057851239669421,
        "recall": 0.08758190826274573
      }
    },
    "h4s": {
      "MLP": {
        "rmse": 0.13424988899457238,
        "mae": 0.10068012028932571,
        "r2": 0.260481595993042,
        "coverage_90": 0.5989878542510122,
        "precision": 0.7405660377358491,
        "recall": 0.1227281610318546
      },
      "LSTM": {
        "rmse": 0.12694770361255198,
        "mae": 0.09460483491420746,
        "r2": 0.33874213695526123,
        "coverage_90": 0.5828947368421052,
        "precision": 0.9225046497210168,
        "recall": 0.2907953879226109
      },
      "PatchTST": {
        "rmse": 0.13481451612759132,
        "mae": 0.09983744472265244,
        "r2": 0.2542479634284973,
        "coverage_90": 0.48370445344129553,
        "precision": 0.7878787878787878,
        "recall": 0.015243306624975571
      }
    },
    "h6s": {
      "MLP": {
        "rmse": 0.14220973328322217,
        "mae": 0.111392542719841,
        "r2": 0.1919572353363037,
        "coverage_90": 0.4958974358974359,
        "precision": 0.9195402298850575,
        "recall": 0.039721946375372394
      },
      "LSTM": {
        "rmse": 0.15663295546327322,
        "mae": 0.11813229322433472,
        "r2": 0.019738316535949707,
        "coverage_90": 0.4987179487179487,
        "precision": 0.8194444444444444,
        "recall": 0.04394240317775571
      },
      "PatchTST": {
        "rmse": 0.1382941151146287,
        "mae": 0.10474994033575058,
        "r2": 0.2358420491218567,
        "coverage_90": 0.41294871794871796,
        "precision": 0.8857142857142857,
        "recall": 0.015392254220456803
      }
    },
    "h8s": {
      "MLP": {
        "rmse": 0.15945406242966015,
        "mae": 0.12968401610851288,
        "r2": 0.05364006757736206,
        "coverage_90": 0.38076923076923075,
        "precision": 0.0,
        "recall": 0.0
      },
      "LSTM": {
        "rmse": 0.14651439994819773,
        "mae": 0.11135602742433548,
        "r2": 0.20100188255310059,
        "coverage_90": 0.5012237762237762,
        "precision": 0.8556149732620321,
        "recall": 0.10810810810810811
      },
      "PatchTST": {
        "rmse": 0.14487650590398654,
        "mae": 0.1085049957036972,
        "r2": 0.21876609325408936,
        "coverage_90": 0.32465034965034967,
        "precision": 0.7910863509749304,
        "recall": 0.09594594594594595
      }
    }
  }
}