{
  "D1": {
    "h1s": {
      "MLP": {
        "rmse": 0.05480221922385268,
        "mae": 0.030258315481997786,
        "r2": 0.9382154779333599,
        "coverage_90": 0.9433650793650794,
        "precision_0.7": 0.0,
        "recall_0.7": 1.0,
        "precision_0.9": 0.0,
        "recall_0.9": 1.0
      },
      "LSTM": {
        "rmse": 0.046537745162137205,
        "mae": 0.016618337398319,
        "r2": 0.9554452435068297,
        "coverage_90": 0.9382857142857143,
        "precision_0.7": 0.0,
        "recall_0.7": 1.0,
        "precision_0.9": 0.0,
        "recall_0.9": 1.0
      },
      "PatchTST": {
        "rmse": 0.04346827172672483,
        "mae": 0.016153543781748287,
        "r2": 0.9611287822173364,
        "coverage_90": 0.9014603174603174,
        "precision_0.7": 0.0,
        "recall_0.7": 1.0,
        "precision_0.9": 0.0,
        "recall_0.9": 1.0
      }
    },
    "h2s": {
      "MLP": {
        "rmse": 0.05778437100759432,
        "mae": 0.02946472936754559,
        "r2": 0.9302306869818946,
        "coverage_90": 0.9538992408557626,
        "precision_0.7": 0.0,
        "recall_0.7": 1.0,
        "precision_0.9": 0.0,
        "recall_0.9": 1.0
      },
      "LSTM": {
        "rmse": 0.0527335775314633,
        "mae": 0.024355446151952627,
        "r2": 0.9418943802988862,
        "coverage_90": 0.9409247757073844,
        "precision_0.7": 0.0,
        "recall_0.7": 1.0,
        "precision_0.9": 0.0,
        "recall_0.9": 1.0
      },
      "PatchTST": {
        "rmse": 0.05260311121700173,
        "mae": 0.02484110332259461,
        "r2": 0.942181538829636,
        "coverage_90": 0.7845410628019324,
        "precision_0.7": 0.0,
        "recall_0.7": 1.0,
        "precision_0.9": 0.0,
        "recall_0.9": 1.0
      }
    },
    "h4s": {
      "MLP": {
        "rmse": 0.058873950079918344,
        "mae": 0.03251387706195473,
        "r2": 0.9247833498043384,
        "coverage_90": 0.9548872180451128,
        "precision_0.7": 0.0,
        "recall_0.7": 1.0,
        "precision_0.9": 0.0,
        "recall_0.9": 1.0
      },
      "LSTM": {
        "rmse": 0.04713733766203538,
        "mae": 0.023463122257710908,
        "r2": 0.9517832718619099,
        "coverage_90": 0.9503759398496241,
        "precision_0.7": 0.0,
        "recall_0.7": 1.0,
        "precision_0.9": 0.0,
        "recall_0.9": 1.0
      },
      "PatchTST": {
        "rmse": 0.0459465996400128,
        "mae": 0.022619933516075538,
        "r2": 0.9541885128934201,
        "coverage_90": 0.787468671679198,
        "precision_0.7": 0.0,
        "recall_0.7": 1.0,
        "precision_0.9": 0.0,
        "recall_0.9": 1.0
      }
    },
    "h6s": {
      "MLP": {
        "rmse": 0.04643402795475606,
        "mae": 0.027511982698774272,
        "r2": 0.9529259556131655,
        "coverage_90": 0.9707936507936508,
        "precision_0.7": 0.0,
        "recall_0.7": 1.0,
        "precision_0.9": 0.0,
        "recall_0.9": 1.0
      },
      "LSTM": {
        "rmse": 0.032437182659997024,
        "mae": 0.019067179931789274,
        "r2": 0.9770281988459091,
        "coverage_90": 0.9335449735449736,
        "precision_0.7": 0.0,
        "recall_0.7": 1.0,
        "precision_0.9": 0.0,
        "recall_0.9": 1.0
      },
      "PatchTST": {
        "rmse": 0.04663451402061091,
        "mae": 0.023386762583523037,
        "r2": 0.9525185791817239,
        "coverage_90": 0.9301587301587302,
        "precision_0.7": 0.0,
        "recall_0.7": 1.0,
        "precision_0.9": 0.0,
        "recall_0.9": 1.0
      }
    },
    "h8s": {
      "MLP": {
        "rmse": 0.04842794205885138,
        "mae": 0.031103751673680992,
        "r2": 0.9488078925020335,
        "coverage_90": 0.9688311688311688,
        "precision_0.7": 0.0,
        "recall_0.7": 1.0,
        "precision_0.9": 0.0,
        "recall_0.9": 1.0
      },
      "LSTM": {
        "rmse": 0.03949786163920283,
        "mae": 0.023057588357361592,
        "r2": 0.9659467827435341,
        "coverage_90": 0.9336219336219336,
        "precision_0.7": 0.0,
        "recall_0.7": 1.0,
        "precision_0.9": 0.0,
        "recall_0.9": 1.0
      },
      "PatchTST": {
        "rmse": 0.04814777064328335,
        "mae": 0.024595256243437075,
        "r2": 0.9493985051281479,
        "coverage_90": 0.9356421356421356,
        "precision_0.7": 0.0,
        "recall_0.7": 1.0,
        "precision_0.9": 0.0,
        "recall_0.9": 1.0
      }
    }
  },
  "D2": {
    "h1s": {
      "MLP": {
        "rmse": 0.18823268142027,
        "mae": 0.14782064916358229,
        "r2": -0.020486999003961337,
        "coverage_90": 0.3275375722543353,
        "precision_0.7": 0.8890120329322356,
        "recall_0.7": 0.47588778710060176,
        "precision_0.9": 0.047109207708779445,
        "recall_0.9": 0.01824212271973466
      },
      "LSTM": {
        "rmse": 0.14636366226185352,
        "mae": 0.10246185484136963,
        "r2": 0.38300171937803207,
        "coverage_90": 0.6535491329479769,
        "precision_0.7": 0.6505707832244674,
        "recall_0.7": 0.9032121366217476,
        "precision_0.9": 0.9019607843137255,
        "recall_0.9": 0.11442786069651742
      },
      "PatchTST": {
        "rmse": 0.1508678560502312,
        "mae": 0.12213053043202848,
        "r2": 0.34444240122635084,
        "coverage_90": 0.1423815028901734,
        "precision_0.7": 0.7434069850320741,
        "recall_0.7": 0.08839732180693279,
        "precision_0.9": 0.0,
        "recall_0.9": 0.0
      }
    },
    "h2s": {
      "MLP": {
        "rmse": 0.17517345307668808,
        "mae": 0.14229096772140543,
        "r2": -0.3089051323209866,
        "coverage_90": 0.1404875596883639,
        "precision_0.7": 0.9183109707971586,
        "recall_0.7": 0.18898724924876148,
        "precision_0.9": 0.02072538860103627,
        "recall_0.9": 0.002704530087897228
      },
      "LSTM": {
        "rmse": 0.14586231114031292,
        "mae": 0.11230732659327972,
        "r2": 0.09247673006069579,
        "coverage_90": 0.41060567981905,
        "precision_0.7": 0.7943040649032367,
        "recall_0.7": 0.7633395598148298,
        "precision_0.9": 0.0,
        "recall_0.9": 0.0
      },
      "PatchTST": {
        "rmse": 0.15661412103914576,
        "mae": 0.1299350495939071,
        "r2": -0.0462450673805348,
        "coverage_90": 0.15918572505654688,
        "precision_0.7": 0.8447698744769875,
        "recall_0.7": 0.1639730366279542,
        "precision_0.9": 0.0,
        "recall_0.9": 0.0
      }
    },
    "h4s": {
      "MLP": {
        "rmse": 0.16169045109351324,
        "mae": 0.13568744163436597,
        "r2": -0.3670148200856891,
        "coverage_90": 0.19549741405536963,
        "precision_0.7": 0.9215210355987055,
        "recall_0.7": 0.39555478381663484,
        "precision_0.9": 0.18333333333333332,
        "recall_0.9": 0.007362784471218206
      },
      "LSTM": {
        "rmse": 0.1498000333241559,
        "mae": 0.12334454810336201,
        "r2": -0.17335194479442473,
        "coverage_90": 0.2996045025859446,
        "precision_0.7": 0.8580755645938135,
        "recall_0.7": 0.6960409793366904,
        "precision_0.9": 0.0,
        "recall_0.9": 0.0
      },
      "PatchTST": {
        "rmse": 0.15898521016583816,
        "mae": 0.13295462454726822,
        "r2": -0.32165446707138345,
        "coverage_90": 0.09522360815333131,
        "precision_0.7": 0.842391304347826,
        "recall_0.7": 0.10765757944087515,
        "precision_0.9": 0.0,
        "recall_0.9": 0.0
      }
    },
    "h6s": {
      "MLP": {
        "rmse": 0.18070621228385886,
        "mae": 0.1583682362316594,
        "r2": -0.9145207134376583,
        "coverage_90": 0.1808092485549133,
        "precision_0.7": 0.9084978843441467,
        "recall_0.7": 0.5157641877689921,
        "precision_0.9": 0.0,
        "recall_0.9": 0.0
      },
      "LSTM": {
        "rmse": 0.16875491838810658,
        "mae": 0.14552394724972226,
        "r2": -0.6696551528105603,