{
  "D4_h2s": [
    {
      "rmse": 0.17266158471704882,
      "r2": 0.7443530142451003,
      "auc_pr": 0.946966879451833,
      "recall": 0.8344849050731403,
      "precision": 0.9248068432671082,
      "threshold": 0.6,
      "n_test": 37203,
      "seed": 0,
      "finetune_epochs": 17,
      "best_val_loss": 0.039930213992131355
    },
    {
      "rmse": 0.1830878064885449,
      "r2": 0.7125461866273466,
      "auc_pr": 0.9395782537544187,
      "recall": 0.793588546529723,
      "precision": 0.932489760093622,
      "threshold": 0.6,
      "n_test": 37203,
      "seed": 1,
      "finetune_epochs": 30,
      "best_val_loss": 0.04027686727301072
    },
    {
      "rmse": 0.17144976522003463,
      "r2": 0.74792892082321,
      "auc_pr": 0.9461160917813521,
      "recall": 0.8048552754435108,
      "precision": 0.9270146257527961,
      "threshold": 0.6,
      "n_test": 37203,
      "seed": 2,
      "finetune_epochs": 23,
      "best_val_loss": 0.041450846992272826
    }
  ]
}