{
  "D1": {
    "h1s": {
      "rmse": 0.076527848346129,
      "r2": 0.8740602639291832,
      "recall": null,
      "precision": 0.0,
      "n_train": 20832,
      "n_test": 7875
    },
    "h2s": {
      "rmse": 0.08146544279556339,
      "r2": 0.8575465757680825,
      "recall": null,
      "precision": null,
      "n_train": 19096,
      "n_test": 7245
    },
    "h4s": {
      "rmse": 0.08005918987848641,
      "r2": 0.8615389534883011,
      "recall": null,
      "precision": null,
      "n_train": 15872,
      "n_test": 5985
    },
    "h6s": {
      "rmse": 0.06841429122787535,
      "r2": 0.9008220920631886,
      "recall": null,
      "precision": null,
      "n_train": 12400,
      "n_test": 4725
    },
    "h8s": {
      "rmse": 0.07352616514005214,
      "r2": 0.8868785340269701,
      "recall": null,
      "precision": null,
      "n_train": 9176,
      "n_test": 3465
    }
  },
  "D2": {
    "h1s": {
      "rmse": 0.1342217824783737,
      "r2": 0.5316250636111741,
      "recall": 0.0022763792179967862,
      "precision": 0.7727272727272727,
      "n_train": 26124,
      "n_test": 21625
    },
    "h2s": {
      "rmse": 0.13966252928769718,
      "r2": 0.36458834004134044,
      "recall": 0.0,
      "precision": null,
      "n_train": 23947,
      "n_test": 19895
    },
    "h4s": {
      "rmse": 0.1336815294858384,
      "r2": 0.4067092902819214,
      "recall": 0.0,
      "precision": null,
      "n_train": 19904,
      "n_test": 16435
    },
    "h6s": {
      "rmse": 0.13755836836625743,
      "r2": 0.38497239042331266,
      "recall": 0.0,
      "precision": null,
      "n_train": 15550,
      "n_test": 12975
    },
    "h8s": {
      "rmse": 0.14453645173433002,
      "r2": 0.35030752647745445,
      "recall": 0.0,
      "precision": null,
      "n_train": 11507,
      "n_test": 9515
    }
  },
  "D3": {
    "h1s": {
      "rmse": 0.12168587468303964,
      "r2": 0.5689237902326495,
      "recall": 0.48554307116104867,
      "precision": 0.8599097903953303,
      "n_train": 31920,
      "n_test": 13000
    },
    "h2s": {
      "rmse": 0.12114221518315325,
      "r2": 0.41633940037041706,
      "recall": 0.24564487773693464,
      "precision": 0.8782857142857143,
      "n_train": 29260,
      "n_test": 11960
    },
    "h4s": {
      "rmse": 0.12762885787803183,
      "r2": 0.33162701630300084,
      "recall": 0.23842094977525893,
      "precision": 0.8079470198675497,
      "n_train": 24320,
      "n_test": 9880
    },
    "h6s": {
      "rmse": 0.12078841843232721,
      "r2": 0.4170566682136506,
      "recall": 0.4314796425024826,
      "precision": 0.8436893203883495,
      "n_train": 19000,
      "n_test": 7800
    },
    "h8s": {
      "rmse": 0.12499276587773807,
      "r2": 0.4184930417421546,
      "recall": 0.3820945945945946,
      "precision": 0.8568181818181818,
      "n_train": 14060,
      "n_test": 5720
    }
  },
  "D4": {
    "h1s": {
      "rmse": 0.09713753706711112,
      "r2": 0.6664855711560411,
      "recall": 0.9696100917431193,
      "precision": 0.8562025316455696,
      "n_train": 37128,
      "n_test": 5250
    },
    "h2s": {
      "rmse": 0.10358032633202943,
      "r2": 0.3485408621093393,
      "recall": 0.9456985967053081,
      "precision": 0.8302088912694162,
      "n_train": 34034,
      "n_test": 4830
    },
    "h4s": {
      "rmse": 0.1015844916111059,
      "r2": 0.2860177645149986,
      "recall": 0.9406528189910979,
      "precision": 0.8249837345478205,
      "n_train": 28288,
      "n_test": 3990
    },
    "h6s": {
      "rmse": 0.10186890562902742,
      "r2": 0.30151203536343896,
      "recall": 0.9568106312292359,
      "precision": 0.81421647819063,
      "n_train": 22100,
      "n_test": 3150
    },
    "h8s": {
      "rmse": 0.11397653648260922,
      "r2": 0.2517708216066574,
      "recall": 0.9517514871116987,
      "precision": 0.8669476219145094,
      "n_train": 16354,
      "n_test": 2310
    }
  }
}