{
  "D1": {
    "h1s": {
      "MLP": {
        "rmse": 0.055188502372066406,
        "r2": 0.9345030629258003,
        "recall": null,
        "precision": 0.0
      },
      "LSTM": {
        "rmse": 0.05371825769379907,
        "r2": 0.9379463103182618,
        "recall": null,
        "precision": 0.0
      },
      "PatchTST": {
        "rmse": 0.05329373516758548,
        "r2": 0.9389232257385903,
        "recall": null,
        "precision": 0.0
      },
      "XGBoost_Q90": {
        "rmse": 0.076527848346129,
        "r2": 0.8740602639291832,
        "recall": null,
        "precision": 0.0
      }
    },
    "h2s": {
      "MLP": {
        "rmse": 0.05810978867427526,
        "r2": 0.9275189225901372,
        "recall": null,
        "precision": 0.0
      },
      "LSTM": {
        "rmse": 0.05673205117846112,
        "r2": 0.9309151179788883,
        "recall": null,
        "precision": 0.0
      },
      "PatchTST": {
        "rmse": 0.05457886644351243,
        "r2": 0.936059640863608,
        "recall": null,
        "precision": 0.0
      },
      "XGBoost_Q90": {
        "rmse": 0.08146544279556339,
        "r2": 0.8575465757680825,
        "recall": null,
        "precision": null
      }
    },
    "h4s": {
      "MLP": {
        "rmse": 0.060033687145747076,
        "r2": 0.9221434307250643,
        "recall": null,
        "precision": 0.0
      },
      "LSTM": {
        "rmse": 0.05704264024314387,
        "r2": 0.929708232303385,
        "recall": null,
        "precision": 0.0
      },
      "PatchTST": {
        "rmse": 0.05564079877995931,
        "r2": 0.9331206659982977,
        "recall": null,
        "precision": 0.0
      },
      "XGBoost_Q90": {
        "rmse": 0.08005918987848641,
        "r2": 0.8615389534883011,
        "recall": null,
        "precision": null
      }
    }
  },
  "D2": {
    "h1s": {
      "MLP": {
        "rmse": 0.1989178793046054,
        "r2": -0.028715501410644162,
        "recall": 17.635243706480985,
        "precision": 57.586357673808486
      },
      "LSTM": {
        "rmse": 0.1585355769982845,
        "r2": 0.34656691773206205,
        "recall": 52.410283877878946,
        "precision": 61.75449668665194
      },
      "PatchTST": {
        "rmse": 0.14048557276231438,
        "r2": 0.4868892706626259,
        "recall": 2.1424745581146225,
        "precision": 43.24324324324324
      },
      "XGBoost_Q90": {
        "rmse": 0.1342217824783737,
        "r2": 0.5316250636111741,
        "recall": 0.22763792179967862,
        "precision": 77.27272727272727
      }
    },
    "h2s": {
      "MLP": {
        "rmse": 0.2153757237476417,
        "r2": -0.5110849286246764,
        "recall": 28.563210125125842,
        "precision": 57.44865490309516
      },
      "LSTM": {
        "rmse": 0.14248984847474053,
        "r2": 0.3386014727108566,
        "recall": 62.20336545376096,
        "precision": 54.83707366552555
      },
      "PatchTST": {
        "rmse": 0.15380952418906163,
        "r2": 0.22934175059254724,
        "recall": 3.8113044728894,
        "precision": 52.475247524752476
      },
      "XGBoost_Q90": {
        "rmse": 0.13966252928769718,
        "r2": 0.36458834004134044,
        "recall": 0.0,
        "precision": null
      }
    },
    "h4s": {
      "MLP": {
        "rmse": 0.16166143956014214,
        "r2": 0.13236388752117623,
        "recall": 4.964539007092199,
        "precision": 55.44554455445545
      },
      "LSTM": {
        "rmse": 0.15097869586365226,
        "r2": 0.24324364699855616,
        "recall": 14.308510638297872,
        "precision": 65.08064516129032
      },
      "PatchTST": {
        "rmse": 0.1398356530850438,
        "r2": 0.3508268239876511,
        "recall": 0.14184397163120568,
        "precision": 36.36363636363637
      },
      "XGBoost_Q90": {
        "rmse": 0.1336815294858384,
        "r2": 0.4067092902819214,
        "recall": 0.0,
        "precision": null
      }
    }
  },
  "D3": {
    "h1s": {
      "MLP": {
        "rmse": 0.2959090217566067,
        "r2": -1.5491191279524759,
        "recall": 61.75280898876404,
        "precision": 83.49199918979137
      },
      "LSTM": {
        "rmse": 0.14347178571088015,
        "r2": 0.40075181568336715,
        "recall": 91.3558052434457,
        "precision": 66.80543382997371
      },
      "PatchTST": {
        "rmse": 0.12752168859161814,
        "r2": 0.5265852019743855,
        "recall": 74.66666666666667,
        "precision": 82.65339966832505
      },
      "XGBoost_Q90": {
        "rmse": 0.12168587468303964,
        "r2": 0.5689237902326495,
        "recall": 48.554307116104866,
        "precision": 85.99097903953303
      }
    },
    "h2s": {
      "MLP": {
        "rmse": 0.26212415747509865,
        "r2": -1.7326464762467948,
        "recall": 76.12274252836822,
        "precision": 77.737881508079
      },
      "LSTM": {
        "rmse": 0.12293644010841366,
        "r2": 0.39892229244840205,
        "recall": 85.23253955569761,
        "precision": 78.15064478311841
      },
      "PatchTST": {
        "rmse": 0.13068907362481,
        "r2": 0.3207214287887292,
        "recall": 69.77784880933355,
        "precision": 71.9749423013518
      },
      "XGBoost_Q90": {
        "rmse": 0.12114221518315325,
        "r2": 0.41633940037041706,
        "recall": 24.564487773693465,
        "precision": 87.82857142857144
      }
    },
    "h4s": {
      "MLP": {
        "rmse": 0.13424989330089745,
        "r2": 0.26048153956481634,
        "recall": 94.23490326363103,
        "precision": 62.761941949759205
      },
      "LSTM": {
        "rmse": 0.12694771114883568,
        "r2": 0.33874210348484446,
        "recall": 85.90971272229822,
        "precision": 73.13259025120612
      },
      "PatchTST": {
        "rmse": 0.13481451435562591,
        "r2": 0.254248003987779,
        "recall": 70.86183310533517,
        "precision": 65.72412543048758
      },
      "XGBoost_Q90": {
        "rmse": 0.12762885787803183,
        "r2": 0.33162701630300084,
        "recall": 23.842094977525893,
        "precision": 80.79470198675497
      }
    }
  },
  "D4": {
    "h1s": {
      "MLP": {
        "rmse": 0.1183686968599019,
        "r2": 0.504761744609833,
        "recall": 98.13646788990825,
        "precision": 83.87650085763293
      },
      "LSTM": {
        "rmse": 0.11298883556743833,
        "r2": 0.5487559192333789,
        "recall": 98.07912844036697,
        "precision": 77.53853127833182
      },
      "PatchTST": {
        "rmse": 0.0932309954965825,
        "r2": 0.6927717866843193,
        "recall": 97.99311926605505,
        "precision": 82.28213769860375
      },
      "XGBoost_Q90": {
        "rmse": 0.09713753706711112,
        "r2": 0.6664855711560411,
        "recall": 96.96100917431193,
        "precision": 85.62025316455696
      }
    },
    "h2s": {
      "MLP": {
        "rmse": 0.1484070452996994,
        "r2": -0.33733948566726624,
        "recall": 97.40695546064674,
        "precision": 83.47712418300654
      },
      "LSTM": {
        "rmse": 0.09872486872137104,
        "r2": 0.4081852838783432,
        "recall": 97.4679682733374,
        "precision": 81.05022831050228
      },
      "PatchTST": {
        "rmse": 0.09172884023307439,
        "r2": 0.48908996198324894,
        "recall": 97.3764490543014,
        "precision": 84.08851422550052
      },
      "XGBoost_Q90": {
        "rmse": 0.10358032633202943,
        "r2": 0.3485408621093393,
        "recall": 94.5698596705308,
        "precision": 83.02088912694163
      }
    },
    "h4s": {
      "MLP": {
        "rmse": 0.13579722908826397,
        "r2": -0.27589342684336526,
        "recall": 90.50445103857567,
        "precision": 88.08664259927798
      },
      "LSTM": {
        "rmse": 0.0959255080393297,
        "r2": 0.3633499180869808,
        "recall": 97.99703264094956,
        "precision": 80.64713064713065
      },
      "PatchTST": {
        "rmse": 0.10846495309661375,