{
  "D1": {
    "h1s": {
      "MLP": {
        "rmse": 0.055188504583470355,
        "r2": 0.9345030784606934,
        "precision": 0.0,
        "recall": 0.0
      },
      "LSTM": {
        "rmse": 0.05371825645171784,
        "r2": 0.9379463195800781,
        "precision": 0.0,
        "recall": 0.0
      },
      "PatchTST": {
        "rmse": 0.053293736265869,
        "r2": 0.9389232397079468,
        "precision": 0.0,
        "recall": 0.0
      }
    },
    "h2s": {
      "MLP": {
        "rmse": 0.05810979017648909,
        "r2": 0.927518904209137,
        "precision": 0.0,
        "recall": 0.0
      },
      "LSTM": {
        "rmse": 0.0567320505092563,
        "r2": 0.930915117263794,
        "precision": 0.0,
        "recall": 0.0
      },
      "PatchTST": {
        "rmse": 0.05457886694688597,
        "r2": 0.9360596537590027,
        "precision": 0.0,
        "recall": 0.0
      }
    },
    "h4s": {
      "MLP": {
        "rmse": 0.06003368838226718,
        "r2": 0.9221433997154236,
        "precision": 0.0,
        "recall": 0.0
      },
      "LSTM": {
        "rmse": 0.05704263955527867,
        "r2": 0.9297082424163818,
        "precision": 0.0,
        "recall": 0.0
      },
      "PatchTST": {
        "rmse": 0.055640801371354055,
        "r2": 0.9331206679344177,
        "precision": 0.0,
        "recall": 0.0
      }
    },
    "h6s": {
      "MLP": {
        "rmse": 0.05679319034270547,
        "r2": 0.9316538572311401,
        "precision": 0.0,
        "recall": 0.0
      },
      "LSTM": {
        "rmse": 0.06344093276470138,
        "r2": 0.914717435836792,
        "precision": 0.0,
        "recall": 0.0
      },
      "PatchTST": {
        "rmse": 0.055645391612231934,
        "r2": 0.9343885183334351,
        "precision": 0.0,
        "recall": 0.0
      }
    },
    "h8s": {
      "MLP": {
        "rmse": 0.05965932465044075,
        "r2": 0.9255237579345703,
        "precision": 0.0,
        "recall": 0.0
      },
      "LSTM": {
        "rmse": 0.055593889743935934,
        "r2": 0.9353281259536743,
        "precision": 0.0,
        "recall": 0.0
      },
      "PatchTST": {
        "rmse": 0.05949183477408629,
        "r2": 0.9259413480758667,
        "precision": 0.0,
        "recall": 0.0
      }
    }
  },
  "D4": {
    "h1s": {
      "MLP": {
        "rmse": 0.11836870065466798,
        "r2": 0.5047616958618164,
        "precision": 0.9855560905151661,
        "recall": 0.5868692660550459
      },
      "LSTM": {
        "rmse": 0.1129888344951461,
        "r2": 0.5487558841705322,
        "precision": 0.9599332220367279,
        "recall": 0.8242545871559633
      },
      "PatchTST": {
        "rmse": 0.09323099638921097,
        "r2": 0.6927717924118042,
        "precision": 0.8917127071823204,
        "recall": 0.9254587155963303
      }
    },
    "h2s": {
      "MLP": {
        "rmse": 0.14840705458968564,
        "r2": -0.3373396396636963,
        "precision": 0.9194915254237288,
        "recall": 0.06619890176937157
      },
      "LSTM": {
        "rmse": 0.09872486521197778,
        "r2": 0.40818536281585693,
        "precision": 0.9719326383319968,
        "recall": 0.7394752898108603
      },
      "PatchTST": {
        "rmse": 0.09172883961986958,
        "r2": 0.4890899658203125,
        "precision": 0.9600293362669601,
        "recall": 0.7986577181208053
      }
    },
    "h4s": {
      "MLP": {
        "rmse": 0.13579723559265752,
        "r2": -0.27589356899261475,
        "precision": 0.9597633136094674,
        "recall": 0.3008160237388724
      },
      "LSTM": {
        "rmse": 0.09592551064828835,
        "r2": 0.3633498549461365,
        "precision": 0.9396092362344582,
        "recall": 0.7848664688427299
      },
      "PatchTST": {
        "rmse": 0.10846495091261993,
        "r2": 0.18602430820465088,
        "precision": 0.8895678742907027,
        "recall": 0.7559347181008902
      }
    },
    "h6s": {
      "MLP": {
        "rmse": 0.12492077149433997,
        "r2": -0.05037641525268555,
        "precision": 0.9235015772870663,
        "recall": 0.555766492643569
      },
      "LSTM": {
        "rmse": 0.10983038939728913,
        "r2": 0.18806606531143188,
        "precision": 0.9533022014676451,
        "recall": 0.6782154722354058
      },
      "PatchTST": {
        "rmse": 0.10812013573123745,
        "r2": 0.21315568685531616,
        "precision": 0.92958616429895,
        "recall": 0.7142857142857143
      }
    },
    "h8s": {
      "MLP": {
        "rmse": 0.1339593694391222,
        "r2": -0.03359389305114746,
        "precision": 0.9072276159654801,
        "recall": 0.5558493060145406
      },
      "LSTM": {
        "rmse": 0.11975303749231987,
        "r2": 0.1740061640739441,
        "precision": 0.9296235679214403,
        "recall": 0.7508261731658956
      },
      "PatchTST": {
        "rmse": 0.11801085115578301,
        "r2": 0.19786465167999268,
        "precision": 0.9384615384615385,
        "recall": 0.7257105089226702
      }
    }
  }
}