{
  "D1": {
    "h1s": {
      "MLP": {
        "rmse_q50": 0.055188504583470355,
        "r2_q50": 0.9345030784606934,
        "precision_q50": 0.0,
        "recall_q50": 0.0,
        "rmse_q90": 0.08115788864307258,
        "r2_q90": 0.8583601713180542,
        "precision_q90": 0.0,
        "recall_q90": 0.0
      },
      "LSTM": {
        "rmse_q50": 0.05371825645171784,
        "r2_q50": 0.9379463195800781,
        "precision_q50": 0.0,
        "recall_q50": 0.0,
        "rmse_q90": 0.08650498074940625,
        "r2_q90": 0.8390814661979675,
        "precision_q90": 0.0,
        "recall_q90": 0.0
      },
      "PatchTST": {
        "rmse_q50": 0.053293736265869,
        "r2_q50": 0.9389232397079468,
        "precision_q50": 0.0,
        "recall_q50": 0.0,
        "rmse_q90": 0.07753539821412689,
        "r2_q90": 0.870722234249115,
        "precision_q90": 0.0,
        "recall_q90": 0.0
      }
    },
    "h2s": {
      "MLP": {
        "rmse_q50": 0.05810979017648909,
        "r2_q50": 0.927518904209137,
        "precision_q50": 0.0,
        "recall_q50": 0.0,
        "rmse_q90": 0.0809202227875869,
        "r2_q90": 0.8594470024108887,
        "precision_q90": 0.0,
        "recall_q90": 0.0
      },
      "LSTM": {
        "rmse_q50": 0.0567320505092563,
        "r2_q50": 0.930915117263794,
        "precision_q50": 0.0,
        "recall_q50": 0.0,
        "rmse_q90": 0.08652773463254042,
        "r2_q90": 0.8392922878265381,
        "precision_q90": 0.0,
        "recall_q90": 0.0
      },
      "PatchTST": {
        "rmse_q50": 0.05457886694688597,
        "r2_q50": 0.9360596537590027,
        "precision_q50": 0.0,
        "recall_q50": 0.0,
        "rmse_q90": 0.07659840070530118,
        "r2_q90": 0.8740594983100891,
        "precision_q90": 0.0,
        "recall_q90": 0.0
      }
    },
    "h4s": {
      "MLP": {
        "rmse_q50": 0.06003368838226718,
        "r2_q50": 0.9221433997154236,
        "precision_q50": 0.0,
        "recall_q50": 0.0,
        "rmse_q90": 0.08499119756854784,
        "r2_q90": 0.8439538478851318,
        "precision_q90": 0.0,
        "recall_q90": 0.0
      },
      "LSTM": {
        "rmse_q50": 0.05704263955527867,
        "r2_q50": 0.9297082424163818,
        "precision_q50": 0.0,
        "recall_q50": 0.0,
        "rmse_q90": 0.08665592994039303,
        "r2_q90": 0.8377809524536133,
        "precision_q90": 0.0,
        "recall_q90": 0.0
      },
      "PatchTST": {
        "rmse_q50": 0.055640801371354055,
        "r2_q50": 0.9331206679344177,
        "precision_q50": 0.0,
        "recall_q50": 0.0,
        "rmse_q90": 0.07935419477359784,
        "r2_q90": 0.8639667630195618,
        "precision_q90": 0.0,
        "recall_q90": 0.0
      }
    },
    "h6s": {
      "MLP": {
        "rmse_q50": 0.05679319034270547,
        "r2_q50": 0.9316538572311401,
        "precision_q50": 0.0,
        "recall_q50": 0.0,
        "rmse_q90": 0.08351386868188646,
        "r2_q90": 0.8522121906280518,
        "precision_q90": 0.0,
        "recall_q90": 0.0
      },
      "LSTM": {
        "rmse_q50": 0.06344093276470138,
        "r2_q50": 0.914717435836792,
        "precision_q50": 0.0,
        "recall_q50": 0.0,
        "rmse_q90": 0.0778837771452113,
        "r2_q90": 0.8714668154716492,
        "precision_q90": 0.0,
        "recall_q90": 0.0
      },
      "PatchTST": {
        "rmse_q50": 0.055645391612231934,
        "r2_q50": 0.9343885183334351,
        "precision_q50": 0.0,
        "recall_q50": 0.0,
        "rmse_q90": 0.06989134049875523,
        "r2_q90": 0.8964934349060059,
        "precision_q90": 0.0,
        "recall_q90": 0.0
      }
    },
    "h8s": {
      "MLP": {
        "rmse_q50": 0.05965932465044075,
        "r2_q50": 0.9255237579345703,
        "precision_q50": 0.0,
        "recall_q50": 0.0,
        "rmse_q90": 0.08049090633633449,
        "r2_q90": 0.864432692527771,
        "precision_q90": 0.0,
        "recall_q90": 0.0
      },
      "LSTM": {
        "rmse_q50": 0.055593889743935934,
        "r2_q50": 0.9353281259536743,
        "precision_q50": 0.0,
        "recall_q50": 0.0,
        "rmse_q90": 0.07782902083563903,
        "r2_q90": 0.8732510805130005,
        "precision_q90": 0.0,
        "recall_q90": 0.0
      },
      "PatchTST": {
        "rmse_q50": 0.05949183477408629,
        "r2_q50": 0.9259413480758667,
        "precision_q50": 0.0,
        "recall_q50": 0.0,
        "rmse_q90": 0.09647043297303322,
        "r2_q90": 0.8052624464035034,
        "precision_q90": 0.0,
        "recall_q90": 0.0
      }
    }
  },
  "D4": {
    "h1s": {
      "MLP": {
        "rmse_q50": 0.11836870065466798,
        "r2_q50": 0.5047616958618164,
        "precision_q50": 0.9855560905151661,
        "recall_q50": 0.5868692660550459,
        "rmse_q90": 0.15881770463339512,
        "r2_q90": 0.10846519470214844,
        "precision_q90": 0.8387650085763293,
        "recall_q90": 0.9813646788990825
      },
      "LSTM": {
        "rmse_q50": 0.1129888344951461,
        "r2_q50": 0.5487558841705322,
        "precision_q50": 0.9599332220367279,
        "recall_q50": 0.8242545871559633,
        "rmse_q90": 0.14289655790948463,
        "r2_q90": 0.2782546281814575,
        "precision_q90": 0.7753853127833182,
        "recall_q90": 0.9807912844036697
      },
      "PatchTST": {
        "rmse_q50": 0.09323099638921097,
        "r2_q50": 0.6927717924118042,
        "precision_q50": 0.8917127071823204,
        "recall_q50": 0.9254587155963303,
        "rmse_q90": 0.11670583043861386,
        "r2_q90": 0.5185784101486206,
        "precision_q90": 0.8228213769860375,
        "recall_q90": 0.9799311926605505
      }
    },
    "h2s": {
      "MLP": {
        "rmse_q50": 0.14840705458968564,
        "r2_q50": -0.3373396396636963,
        "precision_q50": 0.9194915254237288,
        "recall_q50": 0.06619890176937157,
        "rmse_q90": 0.10430230062281082,
        "r2_q90": 0.3394275903701782,
        "precision_q90": 0.8347712418300653,
        "recall_q90": 0.9740695546064674
      },
      "LSTM": {
        "rmse_q50": 0.09872486521197778,
        "r2_q50": 0.40818536281585693,
        "precision_q50": 0.9719326383319968,
        "recall_q50": 0.7394752898108603,
        "rmse_q90": 0.09949805546812134,
        "r2_q90": 0.39887911081314087,
        "precision_q90": 0.8105022831050228,
        "recall_q90": 0.974679682733374
      },
      "PatchTST": {
        "rmse_q50": 0.09172883961986958,
        "r2_q50": 0.4890899658203125,
        "precision_q50": 0.9600293362669601,
        "recall_q50": 0.7986577181208053,
        "rmse_q90": 0.10575118043197873,
        "r2_q90": 0.32094794511795044,
        "precision_q90": 0.8408851422550052,
        "recall_q90": 0.9737644905430141
      }
    },
    "h4s": {
      "MLP": {
        "rmse_q50": 0.13579723559265752,
        "r2_q50": -0.27589356899261475,
        "precision_q50": 0.9597633136094674,
        "recall_q50": 0.3008160237388724,
        "rmse_q90": 0.1011944392165205,
        "r2_q90": 0.2914901375770569,
        "precision_q90": 0.8808664259927798,
        "recall_q90": 0.9050445103857567
      },
      "LSTM": {
        "rmse_q50": 0.09592551064828835,
        "r2_q50": 0.3633498549461365,
        "precision_q50": 0.9396092362344582,
        "recall_q50": 0.7848664688427299,
        "rmse_q90": 0.11015108346659468,
        "r2_q90": 0.16052043437957764,
        "precision_q90": 0.8064713064713065,
        "recall_q90": 0.9799703264094956
      },
      "PatchTST": {
        "rmse_q50": 0.10846495091261993,
        "r2_q50": 0.18602430820465088,
        "precision_q50": 0.8895678742907027,
        "recall_q50": 0.7559347181008902,
        "rmse_q90": 0.12515553096798054,
        "r2_q90": -0.08375883102416992,
        "precision_q90": 0.7976228718278188,
        "recall_q90": 0.9209940652818991
      }
    },
    "h6s": {
      "MLP": {
        "rmse_q50": 0.12492077149433997,
        "r2_q50": -0.05037641525268555,