{
  "front": {
    "By": 19.999999998799662,
    "Cy": 1.890769643107233,
    "Ey": 0.4999999999990959,
    "mu": 0.3000000000000646,
    "r2": -0.010443750198742663,
    "n": 1229906
  },
  "rear": {
    "By": 19.99999995976445,
    "Cy": 1.4087137673951653,
    "Ey": 0.4999999999956205,
    "mu": 0.30000000000020094,
    "r2": -0.05247546575406714,
    "n": 1320273
  }
}