{
  "D1": {
    "MLP": {
      "R2": 0.9375849195469595,
      "RMSE": 0.05463430210291271,
      "Critical": 0.0
    },
    "LSTM": {
      "R2": 0.9542385101731877,
      "RMSE": 0.04678113021360621,
      "Critical": 0.0
    },
    "PatchTST": {
      "R2": 0.9201717835795497,
      "RMSE": 0.06178724704495036,
      "Critical": 0.0
    }
  },
  "D4": {
    "MLP": {
      "R2": -0.5070242683049409,
      "RMSE": 0.12925034686809964,
      "Critical": 99.87826322196672
    },
    "LSTM": {
      "R2": 0.4897748423421968,
      "RMSE": 0.07520600661187245,
      "Critical": 99.84444745029082
    },
    "PatchTST": {
      "R2": 0.6054251986982806,
      "RMSE": 0.06613574765065343,
      "Critical": 100.0
    }
  }
}